PERSON,TIMES_OF_MENTIONED
"Tsarnaev, Dzhokhar A",89
"Tsarnaev, Tamerlan",32
"Ortiz, David",19
"Rodriguez, Alex",16
"O'Toole, George A Jr",16
"Nelsons, Andris",10
"Sanders, Bernard",9
"Obama, Barack",8
"James, LeBron",7
"Thomas, Isaiah (1989- )",7
"Walsh, Martin J",7
"Bulger, James J",7
"Clinton, Hillary Rodham",6
"Pedroia, Dustin",6
"Rahim, Usaamah Abdullah (1988-2015)",6
"Severino, Luis (1994- )",5
"Wahlberg, Mark",5
"Kennedy, Edward M",5
"Trump, Donald J",5
"Cherington, Ben",4
"Teixeira, Mark",4
"Baker, Charles D Jr",4
"Bergeron, Patrice",4
"Richard, Martin (2005-13)",4
"Clarke, Judy",4
"Schwartz, John",4
"Rose, Gil",4
"Girardi, Joe",4
"Moncada, Yoan (1995- )",4
"Stevens, Brad (1976- )",4
"Brady, Tom",4
"Porcello, Rick",4
"Tanaka, Masahiro",4
"Cashman, Brian",4
"Anthony, Carmelo",4
"Prejean, Helen",4
"Bradley, Jackie Jr",4
"Epstein, Theo",4
"Dombrowski, Dave",4
"Bond, Bella Amoroso (2012-15)",3
"Bogaerts, Xander",3
"Pomeranz, Drew (1988- )",3
"King, Martin Luther Jr",3
"Keflezighi, Mebrahtom",3
"Jackson, Phil (1945- )",3
"Christie, Christopher J",3
"Matanov, Khairullozhon",3
"Wright, Steven",3
"van Rijn, Rembrandt Harmenszoon",3
"Gessen, Masha",3
"Berg, Peter",3
"Greig, Catherine Elizabeth",3
"Farrell, John E",3
"Curry, Stephen",3
"Laing, Denna (1991- )",3
"Spooner, Ryan (1992- )",3
"Lopez, Brook",3
"Bond, Rachelle D (1975- )",3
"Blatt, David",3
"Rask, Tuukka",3
"Baquet, Dean",3
"Betances, Dellin",3
"Varitek, Jason",3
"Price, David Taylor",3
"Smith, J R",3
"Green, Draymond",3
"Ryan, Amy E",3
"Quinn, David (1966- )",3
"Pierce, Paul (1977- )",2
"Sullinger, Jared",2
"Thomas, Isaiah",2
"Garnett, Kevin",2
"Gausman, Kevin",2
"Ellsbury, Jacoby",2
"Love, Kevin",2
"Sabathia, C C",2
"Brown, Michael (1996-2014)",2
"Capuano, Chris",2
"Luck, Oliver",2
"Fine, Irving (1914-62)",2
"Mays, Willie",2
"Slocumb, Heathcliff (1966- )",2
"Kershaw, Clayton",2
"Miller, Andrew (1985- )",2
"Joseph, Caleb (1986- )",2
"Mosby, Marilyn J (1980- )",2
"Meara, John G (1964- )",2
"Wallace, Gerald",2
"Pietrok, Violet",2
"Biden, Joseph R Jr",2
"Miley, Wade",2
"Lucchino, Larry",2
"Ainge, Danny",2
"Lowe, Derek",2
"Horford, Al",2
"Anthony, Greg",2
"Sandoval, Pablo",2
"Breazeal, Cynthia L",2
"Stevens, Beth A (1970- )",2
"Holtby, Braden",2
"Fleming, Renee",2
"Babbitt, Milton",2
"de Blasio, Bill",2
"Rosengren, Eric S",2
"Chapman, Aroldis (1988- )",2
"Eichel, Jack",2
"Zeller, Tyler",2
"Murphy, Daniel (1985- )",2
"Crowder, Jae",2
"Gray, Freddie (1989-2015)",2
"Antheil, George",2
"McDavid, Connor (1997- )",2
"McCarroll, Steven A (1970- )",2
"Martinez, Victor",2
"Ramos, Wilson (1987- )",2
"Refsnyder, Robert (1991- )",2
"Duquette, Dan (1958- )",2
"McCarthy, Michael Patrick (1980- )",2
"Taylor, Alicia Dawn (1980- )",2
"Desisa, Lelisa",2
"Shumpert, Iman",2
"Ortiz, Carmen M",2
"Paulus, Diane",2
"Rose, Derrick",2
"Masur, Kurt",2
"Young, Chris (1983- )",2
"Davis, Anthony (1993- )",2
"Condon, Mike (1990- )",2
"Anderson, Alan (1982- )",2
"King, Billy",2
"Meng, Dun",2
"Bielawa, Lisa",2
"Ramirez, Hanley (1983- )",2
"Uehara, Koji",2
"Lee, David",2
"Norman, Andrew (1979- )",2
"Sale, Chris",2
"Henry, John W",2
"Williams, Deron (1984- )",2
"Durer, Albrecht",2
"Scott, Beverly A",2
"Kasich, John R",2
"Lundqvist, Henrik",2
"Masur, Ken-David",2
"Belichick, Bill",2
"Mah, Cheri D",2
"Monteverdi, Claudio",2
"Seelye, Katharine Q",2
"Marchand, Brad",2
"Sekar, Aswin (1986- )",2
"Buchholz, Clay",2
"Wright, David (Dawud Sharif Wright)",2
"Pineda, Michael",2
"Kimball, Christopher",2
"Dohnanyi, Christoph von",2
"Davis, Kevin F (1969- )",1
"Gregerson, Luke",1
"Zander, Benjamin",1
"Malzone, Frank (1930-2015)",1
"Gaiman, Neil",1
"Wright, Steven (1984- )",1
"Romney, Mitt",1
"Rice, Jim",1
"Goylabiyeva, Kheda",1
"Hannigan, Barbara (1971- )",1
"O'Connor, Matt (1992- )",1
"Francona, Terry",1
"Murray, Jamie (1986- )",1
"Kafka, Franz",1
"Porzingis, Kristaps (1995- )",1
"Havlicek, John",1
"Smith, Jason",1
"Keynes, John Maynard",1
"Metzger, Julie (1958- )",1
"Chiarelli, Peter",1
"Linden, Desiree (1983- )",1
"Awlaki, Anwar al-",1
"Toole, John Kennedy",1
"Blin, Gilbert",1
"Ayotte, Kelly A",1
"Kubzansky, Jessica",1
"Carrasco, Carlos (1987- )",1
"Wright, David",1
"Woodbine, Onaje X O",1
"Schreiber, Liev",1
"Vanderbilt, James (1975- )",1
"Rather, Dan",1
"Smith, Patricia",1
Weegee,1
"Guinta, Frank",1
"Babb, Chris (1990- )",1
"Wilson, C J",1
"Simpson, Diane (Artist)",1
"Keaton, Michael",1
"O'Malley, Sean P",1
"Adams, Brooke",1
"Delano, Pablo",1
"Garner, Eric",1
"Hamilton, Lewis",1
"Orsillo, Don (1968- )",1
"Douglass, Frederick",1
"Gregorius, Didi (1990- )",1
JR,1
"Upton, Melvin (1984- )",1
"Sirkin, Harold L",1
"Hamlin, Denny",1
"Bettman, Gary",1
"Chang, David (Chef)",1
"Earnhardt, Dale Jr",1
"Spillane, Robert R (1934-2015)",1
"Turnage, Mark-Anthony",1
"Charpentier, Marc Antoine",1
"Conforti, Michael",1
"Prokhorov, Mikhail D",1
"Murillo, Oscar",1
"McKnight, Joe",1
"Stein, Jeremy C",1
"Young, Neil",1
"Tiant, Luis",1
Francesco Totti (1976- ),1
"Gardner, Brett",1
"Jamieson, Wendell",1
"Grimaud, Helene",1
"Arriola, Paul (1995- )",1
"Goerne, Matthias",1
"Sefolosha, Thabo",1
"Donohue, Richard H",1
"Peterson, Adrian",1
"Smedvig, Rolf (1952-2015)",1
"Carpenter, Alexandra (1994- )",1
"Carr, David",1
"Bergdahl, Bowe R",1
"Girardi, Dan",1
"Vastine, Alexis (1986-2015)",1
"Krejci, David",1
"Kerry, John",1
"Wilson, Justin (1987- )",1
"Leonard, Kawhi",1
Rothschild Family,1
"Morlot, Ludovic",1
"Martin, Trayvon",1
"Abadi, Haider al-",1
"Familia, Jeurys",1
"Quintana, Nairo",1
"Bremer, L Paul III",1
"Michetti, Michael (1958- )",1
"Raibert, Marc",1
"Bryant, Mike (1959- )",1
"Fisher, Derek (1974- )",1
"Luo, Michael",1
"Tanenhaus, Sam",1
"Zetlan, Jennifer",1
"Cameron, David",1
"Wade, Dwyane (1982- )",1
"Stabler, Ken",1
"Butler, Jimmy",1
"Brooks, Aaron",1
"Ward, Joel",1
"McCormick, Anne O'Hare",1
"Waiters, Dion",1
"Wagner, Richard",1
"Stern, Ricki",1
"Ax, Emanuel",1
"Hernandez, Aaron (1989- )",1
"Saylor, F Dennis IV",1
"Sullivan, Mike (1968- )",1
"Greenidge, Kirsten",1
"Tortorella, John",1
"Scherber, Amy",1
"Dear, Robert L Jr (1958- )",1
"Shalhoub, Tony",1
"Black, Matt",1
"Spieth, Jordan",1
"Peterson, Peter G",1
"Shostakovich, Dmitri",1
"Tines, Davone",1
"Pinto, Stephanie (1991- )",1
"Silverstein, Joseph (1932-2015)",1
"O'Brien, Dave (1963- )",1
"Othoniel, Jean-Michel",1
"Crivelli, Carlo (1435-95)",1
"Cano, Jennifer Johnson",1
"Poo, Ai-jen",1
"Murray, Martha M",1
"Cuddyer, Michael",1
"Buxton, Byron",1
"Birtwistle, Harrison",1
"Bender, Dragan (1997- )",1
"Jones, Garrett",1
"Ostermeier, Thomas",1
"Upton, Justin (1987- )",1
"Evans, William B (1959- )",1
"Gilfry, Rod",1
"Kiley, Robert R",1
"Botstein, Leon",1
"Jackson, Glenda",1
"Dior, Christian",1
"Kadyrov, Ramzan",1
"Utley, Chase",1
"Gentile, Robert V",1
"Amundson, Louis (1982- )",1
"Goerke, Christine",1
"Allen, Ray (1975- )",1
"del Potro, Juan Martin",1
"Weatherford, Carole Boston",1
"Powers, Elizabeth J (1988- )",1
"Shiffrin, Mikaela",1
"Bronfman, Yefim",1
"Benson, Kathleen",1
"Branch, John",1
"Perry, Daniel",1
"Ibrahimovic, Zlatan",1
"Kerr, Steve",1
"Beck, Steven",1
"Zuccarello, Mats",1
"Ingram, Brandon (1997- )",1
"Staal, Marc",1
"Shechet, Arlene",1
"Ripken, Cal Jr",1
"Zinn, David",1
"Alter, Alexandra",1
"Louis XIV, King of France",1
"Cook, Jared (1987- )",1
"Sander, August",1
"Keller, Bill",1
"Pasceri, Stephen (1959- )",1
"Westbrook, Russell",1
"Thomas, Michael Tilson",1
"Frank, Robert",1
"Moore, Lynn L",1
"Carreno Busta, Pablo (1991- )",1
"Stalin, Joseph",1
"Robertson, Nan",1
"Gaudreau, Johnny",1
"Bush, George W",1
"Ledecky, Katie",1
"Stempniak, Lee (1983- )",1
"Floyd, Michael (1989- )",1
"Siegal, Richard",1
"Dent, Bucky",1
"Karlovic, Ivo",1
"Rogers, Malcolm A",1
"Stamkos, Steven",1
"Olynyk, Kelly",1
"Vinoly, Rafael",1
"Mapes, Mary",1
"Carmona, Jesus",1
"Asbury, Stefan",1
"Ailes, Roger E",1
"Arena, Bruce",1
"Bird, Greg (1992- )",1
"Severson, Kim",1
"Ruffalo, Mark",1
"Wilson, Jeremy (1973- )",1
"Rubin, Gretchen",1
"Gatlin, Justin",1
"Kessel, Amanda",1
"Stralman, Anton",1
"Cooper, Scott (1970- )",1
"Sundberg, Annie",1
"McCann, Brian (1984- )",1
"Zimbalist, Andrew",1
"Williams, Ted S",1
"Cueto, Johnny",1
"Paul, Pamela",1
"Ponomarev, Sergey",1
"Winslow, Justise (1996- )",1
"Degas, Edgar",1
"Abbott, Heather (1974- )",1
"McCarthy, Tom (1966- )",1
"Samuels, Steven B (1959- )",1
"Harvey, Matt",1
"Cumberbatch, Benedict",1
"Dempster, Ryan",1
"Budenholzer, Mike",1
"Lamoureux, Jocelyne",1
"McIlroy, Rory",1
"Mozgov, Timofey",1
"Gibb, Roberta (1942- )",1
"Ozawa, Seiji",1
"Depp, Johnny",1
"Aucoin, Matthew (1990- )",1
"McFarlane, Ronn (1953- )",1
"Berger, Maurice",1
"Tsioropoulos, Lou (1930-2015)",1
"Madonna, Zoe",1
"Labelle, Dominique",1
"Eovaldi, Nathan",1
"Bosh, Chris",1
"Baron, Martin D",1
"Amaro, Ruben Jr",1
"Vogelsang, Janet",1
"Hindemith, Paul",1
"Boyd, Danah",1
"Arthaud, Florence (1957-2015)",1
"Clippard, Tyler",1
"Gibson, Taj",1
"Andreessen, Marc L",1
"Delano, Jack",1
"Darrow, Clarence",1
"Luongo, Roberto",1
"Bryant, Kris (1992- )",1
"Eichel, Jack (1996- )",1
"Confessore, Nicholas",1
"Teitelbaum, Matthew",1
"Crosby, Sidney",1
"Hoyer, Jed",1
"Castro, Starlin",1
"Guchigov, Nazhud",1
"Duranty, Walter",1
"Deba, Buzunesh",1
"Tobias, Josh (1992- )",1
"Stepner, Daniel",1
"Soares, Bruno",1
"Jeptoo, Rita",1
"Fath, Jacques",1
"Larsen, Bob (1939- )",1
"Clemens, Roger",1
"Fitch, Clyde",1
"Howard, Ryan",1
"Cruz, Ted",1
"Eriksson, Loui",1
"Chen, Wei-Yin",1
"Kimbrel, Craig",1
"O'Connell, William Henry (1859-1944)",1
"Johnson, Kirk",1
"Jebet, Ruth (1996- )",1
"Camilli, Simone",1
"Niedringhaus, Anja (1965-2014)",1
"Vaan Hogue, Elaine",1
"Cabrera, Miguel",1
"Pujols, Albert",1
"Archer, Chris",1
"Headley, Chase",1
"Pagliuca, Stephen G",1
"Iizuka, Naomi",1
"Stockhausen, Karlheinz",1
"Bell, Joshua (1967- )",1
"Yellen, Janet L",1
"Cosby, Bill",1
"Raines, Howell",1
"Graham, Susan",1
"Dunlap, David W",1
"VanGorder, Brian",1
"Firth, Vic (1930-2015)",1
"DiMaggio, Joe",1
"Morrall, Earl (1934-2014)",1
"Maliki, Nuri Kamal al-",1
"Schlather, R B",1
"Hayden, Tom (1939- )",1
"Lovellette, Clyde (1929-2016)",1
"Abdulazeez, Mohammod Youssuf (d 2015)",1
"Steinhauer, Jennifer",1
"Andres, Timo",1
"Forsythe, William (1949- )",1
"De Aza, Alejandro (1984- )",1
"Eichler, Jeremy",1
"Whitman, Walt",1
"Muffat, Camille (1989-2015)",1
"Kiffin, Lane",1
"Collier, Sean A",1
"Fish, John F",1
"Puempel, Matt (1993- )",1
"Callaghan, Sheila",1
"Colon, Raul",1
"Carter, Kevin",1
"Reyes, Alex (1994- )",1
"Frazier, LaToya Ruby",1
"Gardner, Martin (1914-2010)",1
"Mara, John K",1
"Conrad, Mark",1
"Rotich, Caroline (1984- )",1
"Espinosa, Daniel",1
"York, Jerry",1
"Kelly, Joe (1988- )",1
"Betts, Mookie (1992- )",1
"Griffiths, Paul",1
"Harvick, Kevin",1
"Colbert, Stephen",1
"Smart, Marcus",1
"Story, Trevor (1992- )",1
"Beckett, Samuel",1
"Garrison, William Lloyd",1
"Cowles, Gregory",1
"Cabada, Fernando (1982- )",1
"deGrom, Jacob",1
"Martin, Russell (1983- )",1
"Kadyrbayev, Dias",1
"Kahlo, Frida",1
"Masterson, Justin",1
"O'Dette, Paul",1
"Schwarzman, Stephen A",1
"Zubrus, Dainius",1
"Loscutoff, Jim (1930-2015)",1
"Braun, Margaret",1
"Constable, John",1
"Bradley, Avery",1
"Gowdy, Trey",1
"Tazhayakov, Azamat",1
"Sokol, Jason",1
"Duncan, Arne",1
"Rubinstein, Shmuel M",1
"Federer, Roger",1
"Kannapell, Andrea",1
"Webb, Gary",1
"Donaldson, Josh (1985- )",1
"Ruggiero, Angela",1
"Gronkowski, Rob",1
"Mahler, Gustav",1
"Boggs, Wade",1
"Snowden, Edward J",1
"Levine, James",1
"Neumann, Adam",1
"Simmons, Benjamin (1996- )",1
"Talbot, Cam",1
"Montero, Jesus",1
"Sandusky, Jerry",1
"Jones, Martin (1990- )",1
"Buehrle, Mark",1
"Scherzer, Max",1
"Hughes, Philip Joseph (1986- )",1
"Paul, Rand",1
"Gallo, Joey (1993- )",1
"Monbouquette, William C (1936-2015)",1
"Heinsohn, Thomas W",1
"Shaw, Travis R (1990- )",1
"Salerni, Miles",1
"Fonda, Jane",1
"Calderon, Jose",1
"Monet, Claude",1
"Irwin, Matt (1987- )",1
"Sharp, Nicole (1985- )",1
"Huxtable, Ada Louise",1
"McAdams, Rachel",1
"Hinchcliffe, James",1
"Welser-Most, Franz",1
"Baysa, Atsede",1
"Ando, Tadao",1
"Hicks, Tyler",1
"Connolly, James B (1868-1957)",1
"McKinley, Jesse",1
"Allred, Gloria",1
"Applebome, Peter",1
"Kathiresan, Sekar",1
"Bertans, Davis (1992- )",1
"Lima, Mauricio (1975- )",1
"Brahms, Johannes",1
"Malkin, Evgeni",1
"Phillipos, Robel",1
"Martinez, Pedro (1971- )",1
"Marino, Peter",1
"Andrews, Benny (1930-2006)",1
"Bradlee, Ben Jr",1
"Beams, Mary (1945- )",1
"Berhanu Hayle, Lemi",1
"Russell, Katherine",1
"Hardy, Quentin",1
"Costa, Diego da Silva",1
"Baker, Charlie",1
"Esbjornson, David",1
"Trumbo, Mark (1986- )",1
"Glass, Philip",1
"Chuck, Wendy E (1956- )",1
"Nova, Ivan",1
"Rashford, Marcus (1997- )",1
"Rios, Alex (1981- )",1
"Offerman, Nick",1
"Flutie, Troy (1996- )",1
"Young, Delmon",1
"Wurlitzer, Rudolph (1937- )",1
"Belgrader, Andrei",1
"Terreri, Chris",1
"Rondo, Rajon",1
"Wilhelmsen, Tom (1983- )",1
"Gasol, Pau",1
"Ferrillo, John",1
"Tazawa, Junichi",1
"McNally, Michele",1
"Walker, Scott (1943-)",1
"Wilder, Thornton",1
"Ronaldo, Cristiano",1
"Pressley, Monique (1970- )",1
"Blair, Jayson",1
"Ritzenhein, Dathan",1
"Auerbach, Jared S (1980- )",1
"Fleury, Marc-Andre",1
"Pratiwi, Retno",1
"Dwyer, Jim",1
"Brown, Jaylen (1996- )",1
"Smith, Roberta",1
"Vermeer, Jan",1
"Patrick, Deval L",1
"Eskin, Jules (1931-2016)",1
